{
"type": "FeatureCollection",
"name": "Food_Banks%2C_2017",
"crs": { "type": "name", "properties": { "name": "urn:ogc:def:crs:OGC:1.3:CRS84" } },
"features": [
{ "type": "Feature", "properties": { "OBJECTID": 1, "Name": "Bread of The Mighty Food Bank", "Address": "325 NW 10th Ave", "City": "Gainesville", "State": "FL", "Zip": 32601, "Phone": "(352)395-6570", "County": "Alachua", "Email": " foodbank7@bellsouth.net", "Serving_Da": "Monday - Friday", "Serving_Ti": "8 am - 4 pm", "Latitude": 29.660932, "Longitude": -82.328426 }, "geometry": { "type": "Point", "coordinates": [ -82.328425999715193, 29.660931999780701 ] } },
{ "type": "Feature", "properties": { "OBJECTID": 2, "Name": "Food4kidz", "Address": "16610 Front Beach Rd", "City": "Panama City Beach", "State": "FL", "Zip": 32413, "Phone": "(850)249-5439", "County": "Bay", "Email": "N\/A", "Serving_Da": "N\/A", "Serving_Ti": "N\/A", "Latitude": 30.219224, "Longitude": -85.882833 }, "geometry": { "type": "Point", "coordinates": [ -85.882832999607004, 30.219224000078501 ] } },
{ "type": "Feature", "properties": { "OBJECTID": 3, "Name": "Daily Bread Distribution Center", "Address": "1408 Morningside Dr", "City": "Melbourne", "State": "FL", "Zip": 32901, "Phone": "(321)953-8000", "County": "Brevard", "Email": "john@dailybreadinc.org", "Serving_Da": "Monday - Friday", "Serving_Ti": "6:30 am - 12 pm", "Latitude": 28.086282, "Longitude": -80.608073 }, "geometry": { "type": "Point", "coordinates": [ -80.608073000116605, 28.0862820001716 ] } },
{ "type": "Feature", "properties": { "OBJECTID": 4, "Name": "Second Harvest Food Bank", "Address": "6928 Vickie Cir", "City": "West Melbourne", "State": "FL", "Zip": 32904, "Phone": "(321)733-1600", "County": "Brevard", "Email": "ghansen@feedhopenow.org", "Serving_Da": "Monday - Friday", "Serving_Ti": "7:30 am - 3 pm", "Latitude": 28.09458, "Longitude": -80.66812 }, "geometry": { "type": "Point", "coordinates": [ -80.668120000442997, 28.0945799996585 ] } },
{ "type": "Feature", "properties": { "OBJECTID": 5, "Name": "Discipleship Driven Ministries Inc", "Address": "565 Prineville St", "City": "Port Charlotte", "State": "FL", "Zip": 33954, "Phone": "(941)613-1244", "County": "Charlotte", "Email": "N\/A", "Serving_Da": "Sunday; Monday; Tuesday; Wednesday", "Serving_Ti": "10:30 am - 12 pm; 1 pm - 4 pm, 7 pm - 8:30 pm; 1pm - 6 pm; 7:30 pm - 9:30 pm", "Latitude": 27.01695, "Longitude": -82.14082 }, "geometry": { "type": "Point", "coordinates": [ -82.140819999623204, 27.016950000274701 ] } },
{ "type": "Feature", "properties": { "OBJECTID": 6, "Name": "Community Food Bank-Citrus City", "Address": "5259 W Cardinal St", "City": "Homosassa", "State": "FL", "Zip": 34446, "Phone": "(352)628-3663", "County": "Citrus", "Email": "officemanager@cfbocc.org", "Serving_Da": "Monday - Friday", "Serving_Ti": "8 am - 2 pm", "Latitude": 28.765021, "Longitude": -82.520738 }, "geometry": { "type": "Point", "coordinates": [ -82.520737999594502, 28.765020999963401 ] } },
{ "type": "Feature", "properties": { "OBJECTID": 7, "Name": "Mandarin Food Bank", "Address": "11730 Old Saint Augustine Rd", "City": "Jacksonville", "State": "FL", "Zip": 32258, "Phone": "(904)292-1675", "County": "Clay", "Email": "stjoseph5422@bellsouth.net", "Serving_Da": "Monday\/Wednesday\/Friday", "Serving_Ti": "9 am - 11:30 am", "Latitude": 30.15878, "Longitude": -81.598968 }, "geometry": { "type": "Point", "coordinates": [ -81.5989679998507, 30.158779999881101 ] } },
{ "type": "Feature", "properties": { "OBJECTID": 8, "Name": "Harry Chapin FB of SW Florida", "Address": "3760 Fowler St", "City": "Fort Myers", "State": "FL", "Zip": 33901, "Phone": "(239)334-7007", "County": "Collier", "Email": "fighthunger@harrychapinfoodbank.org", "Serving_Da": "Monday - Friday", "Serving_Ti": "8 am - 4:30 pm", "Latitude": 26.607214, "Longitude": -81.862841 }, "geometry": { "type": "Point", "coordinates": [ -81.862840999903696, 26.607213999627099 ] } },
{ "type": "Feature", "properties": { "OBJECTID": 9, "Name": "Midwest Food Bank Division", "Address": "5601 Division Dr", "City": "Fort Myers", "State": "FL", "Zip": 33905, "Phone": "(239)690-1722", "County": "Collier", "Email": "Jwilliams@midwestfoodbank.org", "Serving_Da": "Monday - Friday", "Serving_Ti": "8 am - 4 pm", "Latitude": 26.607214, "Longitude": -81.862841 }, "geometry": { "type": "Point", "coordinates": [ -81.862840999903696, 26.607213999627099 ] } },
{ "type": "Feature", "properties": { "OBJECTID": 10, "Name": "Florida Gateway Food Bank", "Address": "258 NW Burk Ave", "City": "Lake City", "State": "FL", "Zip": 32055, "Phone": "(386)755-5683", "County": "Columbia", "Email": "valleyf@bellsouth.net", "Serving_Da": "Monday - Friday", "Serving_Ti": "7 am - 2 pm", "Latitude": 30.187997, "Longitude": -82.65381 }, "geometry": { "type": "Point", "coordinates": [ -82.653809999784599, 30.1879970000257 ] } },
{ "type": "Feature", "properties": { "OBJECTID": 11, "Name": "Curly's House of Style Inc", "Address": "6025 NW 6th Ct", "City": "Miami", "State": "FL", "Zip": 33127, "Phone": "(305)759-9805", "County": "Dade", "Email": "curlyshouse6025@yahoo.com", "Serving_Da": "Monday - Friday", "Serving_Ti": "9 am - 3 pm", "Latitude": 25.830692, "Longitude": -80.207279 }, "geometry": { "type": "Point", "coordinates": [ -80.207279000053703, 25.8306920001245 ] } },
{ "type": "Feature", "properties": { "OBJECTID": 12, "Name": "Feeding South Florida", "Address": "2501 SW 32nd Ter", "City": "Pembroke Park", "State": "FL", "Zip": 33023, "Phone": "(954)518-1818", "County": "Dade", "Email": "officeoftheceo@feedingsouthflorida.org", "Serving_Da": "Monday - Friday", "Serving_Ti": "8 am - 5 pm", "Latitude": 25.988482, "Longitude": -80.173482 }, "geometry": { "type": "Point", "coordinates": [ -80.173482000326203, 25.988482000182 ] } },
{ "type": "Feature", "properties": { "OBJECTID": 13, "Name": "Jewish Community Service Kosher FB", "Address": "2056 NE 155th St", "City": "North Miami Beach", "State": "FL", "Zip": 33162, "Phone": "(305)947-8093", "County": "Dade", "Email": "N\/A", "Serving_Da": "Monday - Friday", "Serving_Ti": "9 am - 5 pm (4 pm on Fri)", "Latitude": 25.91847, "Longitude": -80.15787 }, "geometry": { "type": "Point", "coordinates": [ -80.157870000238802, 25.918470000277701 ] } },
{ "type": "Feature", "properties": { "OBJECTID": 14, "Name": "Daily Manna Serving center", "Address": "2659 Edison Ave", "City": "Jacksonville", "State": "FL", "Zip": 32204, "Phone": "(904)525-1746", "County": "Duval", "Email": "dailymannaservingcenter@gmail.com", "Serving_Da": "Tuesday & Friday", "Serving_Ti": "10 am - 12 pm", "Latitude": 30.322778, "Longitude": -81.696971 }, "geometry": { "type": "Point", "coordinates": [ -81.696971000244005, 30.322777999769201 ] } },
{ "type": "Feature", "properties": { "OBJECTID": 15, "Name": "Feeding Northeast Florida", "Address": "1116 Edgewood Ave N", "City": "Jacksonville", "State": "FL", "Zip": 32254, "Phone": "(904)513-1333", "County": "Duval", "Email": "N\/A", "Serving_Da": "Monday - Friday", "Serving_Ti": "8 am - 4 pm", "Latitude": 30.340795, "Longitude": -81.732464 }, "geometry": { "type": "Point", "coordinates": [ -81.732464000363294, 30.340794999736701 ] } },
{ "type": "Feature", "properties": { "OBJECTID": 16, "Name": "Second Harvest FB of Northeast Florida", "Address": "1502 Jessie St", "City": "Jacksonville", "State": "FL", "Zip": 32206, "Phone": "(904)353-3663", "County": "Duval", "Email": "N\/A", "Serving_Da": "N\/A", "Serving_Ti": "N\/A", "Latitude": 30.333324, "Longitude": -81.635965 }, "geometry": { "type": "Point", "coordinates": [ -81.635964999842798, 30.333323999803198 ] } },
{ "type": "Feature", "properties": { "OBJECTID": 17, "Name": "Operation Caring through Sharing", "Address": "53 N Old Kings Rd", "City": "Ormond Beach", "State": "FL", "Zip": 32174, "Phone": "(386)676-9406", "County": "Flagler", "Email": "N\/A", "Serving_Da": "N\/A", "Serving_Ti": "N\/A", "Latitude": 29.27968, "Longitude": -81.08013 }, "geometry": { "type": "Point", "coordinates": [ -81.080130000427403, 29.279679999624101 ] } },
{ "type": "Feature", "properties": { "OBJECTID": 18, "Name": "Farm Share", "Address": "18212 Blue star Hwy", "City": "Quincy", "State": "FL", "Zip": 32351, "Phone": "(850)627-9500", "County": "Gadsden", "Email": "information@farmshare.org", "Serving_Da": "Monday - Friday", "Serving_Ti": "8 am - 4:30 pm", "Latitude": 30.585822, "Longitude": -84.622105 }, "geometry": { "type": "Point", "coordinates": [ -84.6221050004049, 30.5858220000069 ] } },
{ "type": "Feature", "properties": { "OBJECTID": 19, "Name": "Feeding the Gulf Coast", "Address": "5709 Industrial Blvd", "City": "Milton", "State": "FL", "Zip": 32583, "Phone": "(850)626-1332", "County": "Gulf", "Email": "srowland@feedingthegulfcoast.com", "Serving_Da": "Monday - Friday", "Serving_Ti": "8 am - 4:30 pm", "Latitude": 30.641119, "Longitude": -86.984963 }, "geometry": { "type": "Point", "coordinates": [ -86.984962999714796, 30.6411190002468 ] } },
{ "type": "Feature", "properties": { "OBJECTID": 20, "Name": "Heartland Food Bank", "Address": "227 US Highway 27 South", "City": "Sebring", "State": "FL", "Zip": 33870, "Phone": "(863)385-7885", "County": "Highlands", "Email": "maryvanhooreweghehfr@gmail.com", "Serving_Da": "Monday - Friday", "Serving_Ti": "8 am - 4 pm", "Latitude": 27.481688, "Longitude": -81.478316 }, "geometry": { "type": "Point", "coordinates": [ -81.4783159998793, 27.481688000033401 ] } },
{ "type": "Feature", "properties": { "OBJECTID": 21, "Name": "Feeding Tampa Bay", "Address": "4702 Transport Dr", "City": "Tampa", "State": "FL", "Zip": 33605, "Phone": "(813)254-1190", "County": "Hillsborough", "Email": "Info@feedingtampabay.org", "Serving_Da": "Monday - Friday", "Serving_Ti": "7:30 am - 4 pm", "Latitude": 27.957722, "Longitude": -82.405845 }, "geometry": { "type": "Point", "coordinates": [ -82.405845000094999, 27.957721999922299 ] } },
{ "type": "Feature", "properties": { "OBJECTID": 22, "Name": "Kaye Prox Food bank", "Address": "8401 W Hillsborough Ave", "City": "Tampa", "State": "FL", "Zip": 33615, "Phone": "(813)884-1232", "County": "Hillsborough", "Email": "kayeprox_foodbank@yahoo.com", "Serving_Da": "Monday\/Wednesday\/Friday", "Serving_Ti": "3 pm -4:30 pm", "Latitude": 27.997703, "Longitude": -82.577633 }, "geometry": { "type": "Point", "coordinates": [ -82.577633000235195, 27.997703000081199 ] } },
{ "type": "Feature", "properties": { "OBJECTID": 23, "Name": "Nativity Catholic Church", "Address": "13295 E US Highway 92", "City": "Dover", "State": "FL", "Zip": 33527, "Phone": "(813)707-1523", "County": "Hillsborough", "Email": "vicki@nativitycatholicchurch.org", "Serving_Da": "Monday - Friday", "Serving_Ti": "7:30 am - 11 am", "Latitude": 28.019115, "Longitude": -82.228534 }, "geometry": { "type": "Point", "coordinates": [ -82.228534000382794, 28.019114999639601 ] } },
{ "type": "Feature", "properties": { "OBJECTID": 24, "Name": "United Food Bank & Services Plant", "Address": "702 E Alsobrook St", "City": "Plant City", "State": "FL", "Zip": 33563, "Phone": "(813)764-0625", "County": "Hillsborough", "Email": "mheysek@ufbpc.org", "Serving_Da": "Monday - Friday 8am - 4pm\/6:45pm Tue", "Serving_Ti": "8 am - 4 pm (6:45 pm on Tues)", "Latitude": 28.007796, "Longitude": -82.118565 }, "geometry": { "type": "Point", "coordinates": [ -82.118565000230504, 28.007795999613801 ] } },
{ "type": "Feature", "properties": { "OBJECTID": 25, "Name": "Christian Care Center Benevolence Center", "Address": "1308 W Main St", "City": "Leesburg", "State": "FL", "Zip": 34748, "Phone": "(352) 787-5289", "County": "Lake", "Email": "cccinfo@christiancarecenter.org", "Serving_Da": "Monday - Friday", "Serving_Ti": "9 am - 11 am", "Latitude": 28.811509, "Longitude": -81.886207 }, "geometry": { "type": "Point", "coordinates": [ -81.886206999707198, 28.811509000060902 ] } },
{ "type": "Feature", "properties": { "OBJECTID": 26, "Name": "Leesburg Food Bank Inc", "Address": "503 N 13th St", "City": "Leesburg", "State": "FL", "Zip": 34748, "Phone": " (352) 326-5463", "County": "Lake", "Email": "dcdaimant@embarqmail.com", "Serving_Da": "Monday - Thursday", "Serving_Ti": "10 am - 12 pm", "Latitude": 28.816723, "Longitude": -81.88553 }, "geometry": { "type": "Point", "coordinates": [ -81.885529999664698, 28.8167230002976 ] } },
{ "type": "Feature", "properties": { "OBJECTID": 27, "Name": "America's Second Harvest of Big Bend", "Address": "4446 Entrepot Blvd", "City": "Tallahassee", "State": "FL", "Zip": 32310, "Phone": "(850)562-3033", "County": "Leon", "Email": "rickminor@fightinghunger.com", "Serving_Da": "Monday - Friday", "Serving_Ti": "8 am - 5 pm", "Latitude": 30.400866, "Longitude": -84.326234 }, "geometry": { "type": "Point", "coordinates": [ -84.326234000049993, 30.4008660001269 ] } },
{ "type": "Feature", "properties": { "OBJECTID": 28, "Name": "Consolidated Christian Ministries, Inc.", "Address": "799 SW Pinckney St Unit C", "City": "Madison", "State": "FL", "Zip": 32340, "Phone": "(850) 973-6208", "County": "Madison", "Email": "ccmm@embarqmail.com", "Serving_Da": "Monday\/Wednesday; Tuesday\/Thursday", "Serving_Ti": "10 am - 2:30 pm; 9 am - 12 pm", "Latitude": 30.46863, "Longitude": -83.42177 }, "geometry": { "type": "Point", "coordinates": [ -83.421770000237302, 30.468629999669002 ] } },
{ "type": "Feature", "properties": { "OBJECTID": 29, "Name": "Food Bank of Manatee", "Address": "811 23rd Ave E", "City": "Bradenton", "State": "FL", "Zip": 34208, "Phone": "(941)747-4655", "County": "Manatee", "Email": "info@foodbankofmanatee.org", "Serving_Da": "Monday - Friday", "Serving_Ti": "7 am - 3:30 pm", "Latitude": 27.479167, "Longitude": -82.555449 }, "geometry": { "type": "Point", "coordinates": [ -82.555449000089197, 27.4791670001797 ] } },
{ "type": "Feature", "properties": { "OBJECTID": 30, "Name": "First Step Food Bank, Inc", "Address": "4045 NE 36th Ave", "City": "Ocala", "State": "FL", "Zip": 34479, "Phone": "(352)732-5500", "County": "Marion", "Email": "fbocala@embarqmail.com", "Serving_Da": "Monday - Friday", "Serving_Ti": "9 am - 5 pm", "Latitude": 29.22837, "Longitude": -82.086451 }, "geometry": { "type": "Point", "coordinates": [ -82.086450999577806, 29.228370000081899 ] } },
{ "type": "Feature", "properties": { "OBJECTID": 31, "Name": "Sharing & Caring", "Address": "208 Martin Luther King Jr Ave", "City": "Crestview", "State": "FL", "Zip": 32536, "Phone": "(850) 682-1907", "County": "Okaloosa", "Email": "help@sharing-n-caring.org", "Serving_Da": "Monday - Thursday", "Serving_Ti": "9 am - 12 pm", "Latitude": 30.755875, "Longitude": -86.570212 }, "geometry": { "type": "Point", "coordinates": [ -86.570211999948398, 30.755874999646501 ] } },
{ "type": "Feature", "properties": { "OBJECTID": 32, "Name": "Human Crisis Center Inc", "Address": "5514 Edgewater Dr", "City": "Orlando", "State": "FL", "Zip": 32810, "Phone": "(407) 521-7750", "County": "Orange", "Email": "email@humancrisiscenter.org", "Serving_Da": "Monday - Sunday", "Serving_Ti": "9 am - 6 pm", "Latitude": 28.607922, "Longitude": -81.413095 }, "geometry": { "type": "Point", "coordinates": [ -81.413094999960407, 28.607922000378998 ] } },
{ "type": "Feature", "properties": { "OBJECTID": 33, "Name": "Second Harvest FB of Central Florida", "Address": "411 Mercy Drive", "City": "Orlando", "State": "FL", "Zip": 32805, "Phone": "(407)295-1066", "County": "Orange", "Email": "info@feedhopenow.org", "Serving_Da": "Monday - Saturday", "Serving_Ti": "8 am - 4 pm", "Latitude": 28.550033, "Longitude": -81.42819 }, "geometry": { "type": "Point", "coordinates": [ -81.428189999838906, 28.550032999873999 ] } },
{ "type": "Feature", "properties": { "OBJECTID": 34, "Name": "Palm Beach County Food Bank", "Address": " 525 Gator Dr", "City": "Lantana", "State": "FL", "Zip": 33462, "Phone": "(561) 670-2518", "County": "Palm Beach", "Email": "info@pbcfoodbank.org", "Serving_Da": "Monday - Friday", "Serving_Ti": "8:30 am - 5 pm", "Latitude": 26.59085, "Longitude": -80.05579 }, "geometry": { "type": "Point", "coordinates": [ -80.055790000420004, 26.5908500000129 ] } },
{ "type": "Feature", "properties": { "OBJECTID": 35, "Name": "Christian Secure Ministries Food Bank Pantry", "Address": "5609 US Highway 19", "City": "New Port Richey", "State": "FL", "Zip": 34652, "Phone": "(727) 645-6917", "County": "Pasco", "Email": "deacon.val@christiansecureministries.org", "Serving_Da": "Saturday", "Serving_Ti": "9:30 am - 12 pm", "Latitude": 28.240561, "Longitude": -82.728515 }, "geometry": { "type": "Point", "coordinates": [ -82.728515000146501, 28.240560999665501 ] } },
{ "type": "Feature", "properties": { "OBJECTID": 36, "Name": "The Volunteer Way", "Address": "8061 Congress St", "City": "Port Richey", "State": "FL", "Zip": 34668, "Phone": "(727)815-0433", "County": "Pasco", "Email": "lester@thevolunteerway.org", "Serving_Da": "Monday - Friday", "Serving_Ti": "8:30 am - 12 pm", "Latitude": 28.274891, "Longitude": -82.708131 }, "geometry": { "type": "Point", "coordinates": [ -82.708131000149507, 28.274890999993101 ] } },
{ "type": "Feature", "properties": { "OBJECTID": 37, "Name": "RCS Food Bank", "Address": "700 Druid Rd E", "City": "Clearwater", "State": "FL", "Zip": 33756, "Phone": "(727) 443-4031", "County": "Pinellas", "Email": "info@rcspinellas.org", "Serving_Da": "Monday - Friday", "Serving_Ti": "12:30 pm - 3:30 pm (6:45 pm on Thurs)", "Latitude": 27.95774, "Longitude": -82.796591 }, "geometry": { "type": "Point", "coordinates": [ -82.796590999650206, 27.957739999930599 ] } },
{ "type": "Feature", "properties": { "OBJECTID": 38, "Name": "Catholic Charities\/Agape Food Bank", "Address": "625 McCue Rd", "City": "Lakeland", "State": "FL", "Zip": 33815, "Phone": "(863)665-7074", "County": "Polk", "Email": "agapefoodbank@cflcc.org", "Serving_Da": "Monday - Friday", "Serving_Ti": "7 am - 4 pm", "Latitude": 28.03564, "Longitude": -82.03472 }, "geometry": { "type": "Point", "coordinates": [ -82.034720000280501, 28.0356400001168 ] } },
{ "type": "Feature", "properties": { "OBJECTID": 39, "Name": "kidsPACK", "Address": "3725 Frontage Rd N Ste 1", "City": "Lakeland", "State": "FL", "Zip": 33810, "Phone": "(863) 272-7927", "County": "Polk", "Email": "info@kidspack.org", "Serving_Da": "Monday - Friday", "Serving_Ti": "9 am - 5 pm", "Latitude": 28.048344, "Longitude": -82.022515 }, "geometry": { "type": "Point", "coordinates": [ -82.022515000146896, 28.048344000219601 ] } },
{ "type": "Feature", "properties": { "OBJECTID": 40, "Name": "Salvation Army Food Bank", "Address": "1731 Dobbs Rd Ste 7", "City": "St Augustine", "State": "FL", "Zip": 32084, "Phone": "(904) 819-5670", "County": "Putnam", "Email": "N\/A", "Serving_Da": "N\/A", "Serving_Ti": "N\/A", "Latitude": 29.869055, "Longitude": -81.335151 }, "geometry": { "type": "Point", "coordinates": [ -81.335150999874102, 29.8690550002934 ] } },
{ "type": "Feature", "properties": { "OBJECTID": 41, "Name": "All Faiths Food Bank", "Address": "8171 Blaikie Ct", "City": "Sarasota", "State": "FL", "Zip": 34240, "Phone": "(941)379-6333", "County": "Sarasota", "Email": "info@allfaithsfoodbank.org", "Serving_Da": "Monday - Friday", "Serving_Ti": "8 am - 5 pm (2 pm pn Fri)", "Latitude": 27.3473, "Longitude": -82.40198 }, "geometry": { "type": "Point", "coordinates": [ -82.401980000381698, 27.3473000002015 ] } },
{ "type": "Feature", "properties": { "OBJECTID": 42, "Name": "Mission Compassion", "Address": "525 S Ronald Reagan Blvd", "City": "Longwood", "State": "FL", "Zip": 32750, "Phone": "(407) 834-6293", "County": "Seminole", "Email": "mission.compassion.fl@gmail.com", "Serving_Da": "N\/A", "Serving_Ti": "N\/A", "Latitude": 28.691883, "Longitude": -81.345524 }, "geometry": { "type": "Point", "coordinates": [ -81.345524000071705, 28.691882999668699 ] } },
{ "type": "Feature", "properties": { "OBJECTID": 43, "Name": "Treasure Coast Food Bank", "Address": "401 Angle Rd", "City": "Fort Pierce", "State": "FL", "Zip": 34947, "Phone": "(772)489-3034", "County": "St.Lucie", "Email": "esmith@tcfoodbank.org", "Serving_Da": "Monday - Friday", "Serving_Ti": "8 am - 5 pm", "Latitude": 27.450884, "Longitude": -80.360618 }, "geometry": { "type": "Point", "coordinates": [ -80.360618000064903, 27.4508840002526 ] } },
{ "type": "Feature", "properties": { "OBJECTID": 44, "Name": "Second Harvest Food Bank", "Address": "320 North St", "City": "Daytona Beach", "State": "FL", "Zip": 32114, "Phone": "(386)257-4499", "County": "Volusia", "Email": "rthomas@feedhopenow.org", "Serving_Da": "Monday - Friday", "Serving_Ti": "8 am - 5 pm", "Latitude": 29.22161, "Longitude": -81.02962 }, "geometry": { "type": "Point", "coordinates": [ -81.029620000247405, 29.221609999841199 ] } },
{ "type": "Feature", "properties": { "OBJECTID": 45, "Name": "Gifts of Love Food Banks", "Address": "820 W Park Ave", "City": "Edgewater", "State": "FL", "Zip": 32132, "Phone": "(386)423-5257", "County": "Volusia", "Email": "N\/A", "Serving_Da": "Monday - Friday", "Serving_Ti": "9 am - 2 pm", "Latitude": 28.986583, "Longitude": -80.919293 }, "geometry": { "type": "Point", "coordinates": [ -80.919292999894907, 28.9865830002751 ] } }
]
}
